{
    "__createdwith": "opl's Model Creator",
    "ambientocclusion": true,
    "textures": {
        "edge": "blocks/iron_bars",
        "particle": "blocks/iron_bars",
        "bars": "blocks/iron_bars"
    },
    "elements": [
        {
            "from": [7,0,2],
            "to": [9,16,4],
            "faces": {
                "up": {
                    "uv": [2,0,4,2],
                    "texture": "#edge"
                },
                "down": {
                    "uv": [2,14,4,16],
                    "texture": "#edge"
                },
                "west": {
                    "texture": "#edge"
                },
                "east": {
                    "texture": "#edge"
                },
                "north": {
                    "uv": [2,0,4,16],
                    "texture": "#edge"
                },
                "south": {
                    "uv": [2,0,4,16],
                    "texture": "#edge"
                }
            }
        },
        {
            "from": [7,0,7],
            "to": [9,16,9],
            "faces": {
                "up": {
                    "uv": [7,0,9,2],
                    "texture": "#edge"
                },
                "down": {
                    "uv": [7,14,9,16],
                    "texture": "#edge"
                },
                "west": {
                    "texture": "#edge"
                },
                "east": {
                    "texture": "#edge"
                },
                "north": {
                    "texture": "#edge"
                },
                "south": {
                    "texture": "#edge"
                }
            }
        },
        {
            "from": [7,13,0],
            "to": [9,15,9],
            "faces": {
                "up": {
                    "uv": [0,1,9,3],
                    "texture": "#edge",
                    "rotation": 90
                },
                "down": {
                    "uv": [0,1,9,3],
                    "texture": "#edge",
                    "rotation": 90
                },
                "west": {
                    "texture": "#edge"
                },
                "east": {
                    "texture": "#edge"
                },
                "north": {
                    "uv": [0,1,2,3],
                    "texture": "#edge"
                },
                "south": {
                    "texture": "#edge"
                }
            }
        },
        {
            "from": [7,2,0],
            "to": [9,3,9],
            "faces": {
                "up": {
                    "uv": [0,13,9,14],
                    "texture": "#edge",
                    "rotation": 90
                },
                "down": {
                    "uv": [0,13,9,14],
                    "texture": "#edge",
                    "rotation": 90
                },
                "west": {
                    "texture": "#edge"
                },
                "east": {
                    "texture": "#edge"
                },
                "north": {
                    "uv": [0,13,2,14],
                    "texture": "#edge"
                },
                "south": {
                    "texture": "#edge"
                }
            }
        },
        {
            "from": [7.5,9,0],
            "to": [8.5,10,9],
            "faces": {
                "up": {
                    "uv": [0,6,9,7],
                    "texture": "#edge",
                    "rotation": 90
                },
                "down": {
                    "uv": [0,6,9,7],
                    "texture": "#edge",
                    "rotation": 90
                },
                "west": {
                    "texture": "#edge"
                },
                "east": {
                    "texture": "#edge"
                },
                "north": {
                    "uv": [0,6,1,7],
                    "texture": "#edge"
                },
                "south": {
                    "texture": "#edge"
                }
            }
        },
        {
            "from": [7.5,6,0],
            "to": [8.5,7,9],
            "faces": {
                "up": {
                    "uv": [0,9,9,10],
                    "texture": "#edge",
                    "rotation": 90
                },
                "down": {
                    "uv": [0,9,9,10],
                    "texture": "#edge",
                    "rotation": 90
                },
                "west": {
                    "texture": "#edge"
                },
                "east": {
                    "texture": "#edge"
                },
                "north": {
                    "uv": [0,9,1,10],
                    "texture": "#edge"
                },
                "south": {
                    "texture": "#edge"
                }
            }
        },
        {
            "from": [7.5,5,5],
            "to": [8.5,11,6],
            "faces": {
                "up": {
                    "uv": [5,5,6,6],
                    "texture": "#edge"
                },
                "down": {
                    "uv": [5,10,6,11],
                    "texture": "#edge"
                },
                "west": {
                    "texture": "#edge"
                },
                "east": {
                    "texture": "#edge"
                },
                "north": {
                    "uv": [5,5,6,11],
                    "texture": "#edge"
                },
                "south": {
                    "uv": [5,5,6,11],
                    "texture": "#edge"
                }
            }
        },
        {
            "from": [7.5,5,0],
            "to": [8.5,11,1],
            "faces": {
                "up": {
                    "uv": [0,5,1,6],
                    "texture": "#edge"
                },
                "down": {
                    "uv": [0,10,1,11],
                    "texture": "#edge"
                },
                "west": {
                    "texture": "#edge"
                },
                "east": {
                    "texture": "#edge"
                },
                "north": {
                    "uv": [0,5,1,11],
                    "texture": "#edge"
                },
                "south": {
                    "uv": [0,5,1,11],
                    "texture": "#edge"
                }
            }
        }
    ]
}