{
    "__createdwith": "opl's Model Creator",
    "ambientocclusion": true,
    "textures": {
        "edge": "blocks/iron_bars",
        "particle": "blocks/iron_bars",
        "bars": "blocks/iron_bars"
    },
    "elements": [
        {
            "from": [7,0,2],
            "to": [9,16,4],
            "faces": {
                "up": {
                    "uv": [2,0,4,2],
                    "texture": "#edge"
                },
                "down": {
                    "uv": [2,14,4,16],
                    "texture": "#edge"
                },
                "west": {
                    "texture": "#edge"
                },
                "east": {
                    "texture": "#edge"
                },
                "north": {
                    "uv": [2,0,4,16],
                    "texture": "#edge"
                },
                "south": {
                    "uv": [2,0,4,16],
                    "texture": "#edge"
                }
            }
        },
        {
            "from": [7,0,7],
            "to": [9,16,9],
            "faces": {
                "up": {
                    "uv": [7,0,9,2],
                    "texture": "#edge"
                },
                "down": {
                    "uv": [7,14,9,16],
                    "texture": "#edge"
                },
                "west": {
                    "texture": "#edge"
                },
                "east": {
                    "texture": "#edge"
                },
                "north": {
                    "texture": "#edge"
                },
                "south": {
                    "texture": "#edge"
                }
            }
        },
        {
            "from": [7,13,0],
            "to": [9,15,9],
            "faces": {
                "up": {
                    "uv": [0,1,9,3],
                    "texture": "#edge",
                    "rotation": 90
                },
                "down": {
                    "uv": [0,1,9,3],
                    "texture": "#edge",
                    "rotation": 90
                },
                "west": {
                    "texture": "#edge"
                },
                "east": {
                    "texture": "#edge"
                },
                "north": {
                    "uv": [0,1,2,3],
                    "texture": "#edge"
                },
                "south": {
                    "texture": "#edge"
                }
            }
        },
        {
            "from": [7,2,0],
            "to": [9,3,9],
            "faces": {
                "up": {
                    "uv": [0,13,9,14],
                    "texture": "#edge",
                    "rotation": 90
                },
                "down": {
                    "uv": [0,13,9,14],
                    "texture": "#edge",
                    "rotation": 90
                },
                "west": {
                    "texture": "#edge"
                },
                "east": {
                    "texture": "#edge"
                },
                "north": {
                    "uv": [0,13,2,14],
                    "texture": "#edge"
                },
                "south": {
                    "texture": "#edge"
                }
            }
        },
        {
            "from": [7.5,9,0],
            "to": [8.5,10,9],
            "faces": {
                "up": {
                    "uv": [0,6,9,7],
                    "texture": "#edge",
                    "rotation": 90
                },
                "down": {
                    "uv": [0,6,9,7],
                    "texture": "#edge",
                    "rotation": 90
                },
                "west": {
                    "texture": "#edge"
                },
                "east": {
                    "texture": "#edge"
                },
                "north": {
                    "uv": [0,6,1,7],
                    "texture": "#edge"
                },
                "south": {
                    "texture": "#edge"
                }
            }
        },
        {
            "from": [7.5,6,0],
            "to": [8.5,7,9],
            "faces": {
                "up": {
                    "uv": [0,9,9,10],
                    "texture": "#edge",
                    "rotation": 90
                },
                "down": {
                    "uv": [0,9,9,10],
                    "texture": "#edge",
                    "rotation": 90
                },
                "west": {
                    "texture": "#edge"
                },
                "east": {
                    "texture": "#edge"
                },
                "north": {
                    "uv": [0,9,1,10],
                    "texture": "#edge"
                },
                "south": {
                    "texture": "#edge"
                }
            }
        },
        {
            "from": [7.5,5,5],
            "to": [8.5,11,6],
            "faces": {
                "up": {
                    "uv": [5,5,6,6],
                    "texture": "#edge"
                },
                "down": {
                    "uv": [5,10,6,11],
                    "texture": "#edge"
                },
                "west": {
                    "texture": "#edge"
                },
                "east": {
                    "texture": "#edge"
                },
                "north": {
                    "uv": [5,5,6,11],
                    "texture": "#edge"
                },
                "south": {
                    "uv": [5,5,6,11],
                    "texture": "#edge"
                }
            }
        },
        {
            "from": [7.5,5,0],
            "to": [8.5,11,1],
            "faces": {
                "up": {
                    "uv": [0,5,1,6],
                    "texture": "#edge"
                },
                "down": {
                    "uv": [0,10,1,11],
                    "texture": "#edge"
                },
                "west": {
                    "texture": "#edge"
                },
                "east": {
                    "texture": "#edge"
                },
                "north": {
                    "uv": [0,5,1,11],
                    "texture": "#edge"
                },
                "south": {
                    "uv": [0,5,1,11],
                    "texture": "#edge"
                }
            }
        },
        {
            "from": [12,0,7],
            "to": [14,16,9],
            "faces": {
                "up": {
                    "uv": [12,0,14,2],
                    "texture": "#edge"
                },
                "down": {
                    "uv": [12,14,14,16],
                    "texture": "#edge"
                },
                "west": {
                    "uv": [12,0,14,16],
                    "texture": "#edge"
                },
                "east": {
                    "uv": [12,0,14,16],
                    "texture": "#edge"
                },
                "north": {
                    "texture": "#edge"
                },
                "south": {
                    "texture": "#edge"
                }
            }
        },
        {
            "from": [9,13,7],
            "to": [16,15,9],
            "faces": {
                "up": {
                    "uv": [9,1,16,3],
                    "texture": "#edge"
                },
                "down": {
                    "uv": [9,1,16,3],
                    "texture": "#edge"
                },
                "west": {
                    "texture": "#edge"
                },
                "east": {
                    "uv": [14,1,16,3],
                    "texture": "#edge"
                },
                "north": {
                    "texture": "#edge"
                },
                "south": {
                    "texture": "#edge"
                }
            }
        },
        {
            "from": [9,2,7],
            "to": [16,3,9],
            "faces": {
                "up": {
                    "uv": [9,13,16,14],
                    "texture": "#edge"
                },
                "down": {
                    "uv": [9,13,16,14],
                    "texture": "#edge"
                },
                "west": {
                    "texture": "#edge"
                },
                "east": {
                    "texture": "#edge"
                },
                "north": {
                    "texture": "#edge"
                },
                "south": {
                    "texture": "#edge"
                }
            }
        },
        {
            "from": [9,9,7.5],
            "to": [16,10,8.5],
            "faces": {
                "up": {
                    "uv": [9,6,16,7],
                    "texture": "#edge"
                },
                "down": {
                    "uv": [9,6,16,7],
                    "texture": "#edge"
                },
                "west": {
                    "uv": [9,6,10,7],
                    "texture": "#edge"
                },
                "east": {
                    "uv": [15,6,16,7],
                    "texture": "#edge"
                },
                "north": {
                    "texture": "#edge"
                },
                "south": {
                    "texture": "#edge"
                }
            }
        },
        {
            "from": [9,6,7.5],
            "to": [16,7,8.5],
            "faces": {
                "up": {
                    "uv": [9,9,16,10],
                    "texture": "#edge"
                },
                "down": {
                    "uv": [9,9,16,10],
                    "texture": "#edge"
                },
                "west": {
                    "uv": [9,9,10,10],
                    "texture": "#edge"
                },
                "east": {
                    "uv": [15,9,16,10],
                    "texture": "#edge"
                },
                "north": {
                    "texture": "#edge"
                },
                "south": {
                    "texture": "#edge"
                }
            }
        },
        {
            "from": [10,5,7.5],
            "to": [11,11,8.5],
            "faces": {
                "up": {
                    "uv": [10,5,11,6],
                    "texture": "#edge"
                },
                "down": {
                    "uv": [10,10,11,11],
                    "texture": "#edge"
                },
                "west": {
                    "uv": [10,5,11,11],
                    "texture": "#edge"
                },
                "east": {
                    "uv": [10,5,11,11],
                    "texture": "#edge"
                },
                "north": {
                    "texture": "#edge"
                },
                "south": {
                    "texture": "#edge"
                }
            }
        },
        {
            "from": [15,5,7.5],
            "to": [16,11,8.5],
            "faces": {
                "up": {
                    "uv": [15,5,16,6],
                    "texture": "#edge"
                },
                "down": {
                    "uv": [15,10,16,11],
                    "texture": "#edge"
                },
                "west": {
                    "uv": [15,5,16,11],
                    "texture": "#edge"
                },
                "east": {
                    "uv": [15,5,16,11],
                    "texture": "#edge"
                },
                "north": {
                    "texture": "#edge"
                },
                "south": {
                    "texture": "#edge"
                }
            }
        },
        {
            "from": [2,0,7],
            "to": [4,16,9],
            "faces": {
                "up": {
                    "uv": [2,0,4,2],
                    "texture": "#edge"
                },
                "down": {
                    "uv": [2,14,4,16],
                    "texture": "#edge"
                },
                "west": {
                    "texture": "#edge"
                },
                "east": {
                    "texture": "#edge"
                },
                "north": {
                    "uv": [2,0,4,16],
                    "texture": "#edge"
                },
                "south": {
                    "uv": [2,0,4,16],
                    "texture": "#edge"
                }
            }
        },
        {
            "from": [0,13,7],
            "to": [7,15,9],
            "faces": {
                "up": {
                    "uv": [0,1,7,3],
                    "texture": "#edge"
                },
                "down": {
                    "uv": [0,1,7,3],
                    "texture": "#edge"
                },
                "west": {
                    "uv": [0,1,2,3],
                    "texture": "#edge"
                },
                "east": {
                    "uv": [7,1,9,3],
                    "texture": "#edge"
                },
                "north": {
                    "texture": "#edge"
                },
                "south": {
                    "texture": "#edge"
                }
            }
        },
        {
            "from": [0,9,7.5],
            "to": [7,10,8.5],
            "faces": {
                "up": {
                    "uv": [0,6,7,7],
                    "texture": "#edge"
                },
                "down": {
                    "uv": [0,6,7,7],
                    "texture": "#edge",
                    "rotation": 90
                },
                "west": {
                    "uv": [0,6,1,7],
                    "texture": "#edge"
                },
                "east": {
                    "uv": [6,6,7,7],
                    "texture": "#edge"
                },
                "north": {
                    "uv": [0,6,7,7],
                    "texture": "#edge"
                },
                "south": {
                    "uv": [0,6,7,7],
                    "texture": "#edge"
                }
            }
        },
        {
            "from": [0,6,7.5],
            "to": [7,7,8.5],
            "faces": {
                "up": {
                    "uv": [0,9,7,10],
                    "texture": "#edge"
                },
                "down": {
                    "uv": [0,9,7,10],
                    "texture": "#edge"
                },
                "west": {
                    "uv": [0,9,1,10],
                    "texture": "#edge"
                },
                "east": {
                    "uv": [6,9,7,10],
                    "texture": "#edge"
                },
                "north": {
                    "uv": [0,9,7,10],
                    "texture": "#edge"
                },
                "south": {
                    "uv": [0,9,7,10],
                    "texture": "#edge"
                }
            }
        },
        {
            "from": [0,5,7.5],
            "to": [1,11,8.5],
            "faces": {
                "up": {
                    "uv": [0,5,1,6],
                    "texture": "#edge"
                },
                "down": {
                    "uv": [0,10,1,11],
                    "texture": "#edge"
                },
                "west": {
                    "texture": "#edge"
                },
                "east": {
                    "texture": "#edge"
                },
                "north": {
                    "uv": [0,5,1,11],
                    "texture": "#edge"
                },
                "south": {
                    "uv": [0,5,1,11],
                    "texture": "#edge"
                }
            }
        },
        {
            "from": [5,5,7.5],
            "to": [6,11,8.5],
            "faces": {
                "up": {
                    "uv": [5,5,6,6],
                    "texture": "#edge"
                },
                "down": {
                    "uv": [5,10,6,11],
                    "texture": "#edge"
                },
                "west": {
                    "texture": "#edge"
                },
                "east": {
                    "texture": "#edge"
                },
                "north": {
                    "uv": [5,5,6,11],
                    "texture": "#edge"
                },
                "south": {
                    "uv": [5,5,6,11],
                    "texture": "#edge"
                }
            }
        },
        {
            "from": [0,2,7],
            "to": [7,3,9],
            "faces": {
                "up": {
                    "uv": [0,13,7,14],
                    "texture": "#edge"
                },
                "down": {
                    "uv": [0,13,7,14],
                    "texture": "#edge"
                },
                "west": {
                    "texture": "#edge"
                },
                "east": {
                    "texture": "#edge"
                },
                "north": {
                    "texture": "#edge"
                },
                "south": {
                    "texture": "#edge"
                }
            }
        }
    ]
}