{
	"credit": "Made with Blockbench",
	"textures": {
		"particle": "blocks/glass",
		"glass": "blocks/glass",
		"obsidian": "blocks/obsidian",
		"beacon": "blocks/beacon"
	},
	"elements": [
		{
			"from": [0, 3, 0],
			"to": [16, 16, 16],
			"faces": {
				"north": {"uv": [0, 0, 16, 16], "texture": "#glass"},
				"east": {"uv": [0, 0, 16, 16], "texture": "#glass"},
				"south": {"uv": [0, 0, 16, 16], "texture": "#glass"},
				"west": {"uv": [0, 0, 16, 16], "texture": "#glass"},
				"up": {"uv": [0, 0, 16, 16], "texture": "#glass"},
				"down": {"uv": [0, 0, 16, 16], "texture": "#glass"}
			}
		},
		{
			"from": [0, 0.1, 0],
			"to": [16, 3.1, 16],
			"faces": {
				"north": {"uv": [0, 13, 16, 16], "texture": "#obsidian"},
				"east": {"uv": [0, 13, 16, 16], "texture": "#obsidian"},
				"south": {"uv": [0, 13, 16, 16], "texture": "#obsidian"},
				"west": {"uv": [0, 13, 16, 16], "texture": "#obsidian"},
				"up": {"uv": [0, 0, 16, 16], "texture": "#obsidian"},
				"down": {"uv": [0, 0, 16, 16], "texture": "#obsidian"}
			}
		},
		{
			"from": [3, 4, 3],
			"to": [13, 14, 13],
			"faces": {
				"north": {"uv": [1, 1, 15, 15], "texture": "#beacon"},
				"east": {"uv": [1, 1, 15, 15], "texture": "#beacon"},
				"south": {"uv": [1, 1, 15, 15], "texture": "#beacon"},
				"west": {"uv": [1, 1, 15, 15], "texture": "#beacon"},
				"up": {"uv": [1, 1, 15, 15], "texture": "#beacon"},
				"down": {"uv": [1, 1, 15, 15], "texture": "#beacon"}
			}
		}
	]
}