{
	"credit": "Made with Blockbench",
	"ambientocclusion": true,
	"textures": {
		"particle": "blocks/bed_head_top",
		"top": "blocks/bed_head_top",
		"bottom": "blocks/planks_oak",
		"end": "blocks/bed_head_end",
		"side": "blocks/bed_head_side"
	},
	"elements": [
		{
			"from": [0, 3, 0],
			"to": [16, 9, 16],
			"faces": {
				"east": {"uv": [16, 7, 0, 13], "texture": "#side"},
				"south": {"uv": [0, 7, 16, 13], "texture": "#end"},
				"west": {"uv": [0, 0, 16, 6], "texture": "#side"},
				"up": {"uv": [0, 16, 16, 0], "rotation": 90, "texture": "#top"}
			}
		},
		{
			"from": [0, 3, 0],
			"to": [16, 3, 16],
			"faces": {
				"down": {"uv": [0, 0, 16, 16], "texture": "#bottom"}
			}
		},
		{
			"from": [0, 9, 15],
			"to": [2, 13, 16],
			"faces": {
				"north": {"uv": [0, 7, 2, 11], "texture": "#end"},
				"east": {"uv": [15, 7, 16, 11], "texture": "#end"},
				"south": {"uv": [0, 7, 2, 11], "texture": "#end"},
				"west": {"uv": [0, 7, 1, 11], "texture": "#end"},
				"up": {"uv": [0, 7, 2, 8], "texture": "#end"},
				"down": {"uv": [0, 0, 16, 1], "texture": "#missing"}
			}
		},
		{
			"from": [14, 9, 15],
			"to": [16, 13, 16],
			"faces": {
				"north": {"uv": [14, 7, 16, 11], "texture": "#end"},
				"east": {"uv": [15, 7, 16, 11], "texture": "#end"},
				"south": {"uv": [14, 7, 16, 11], "texture": "#end"},
				"west": {"uv": [15, 7, 16, 11], "texture": "#end"},
				"up": {"uv": [14, 7, 16, 8], "texture": "#end"},
				"down": {"uv": [0, 0, 16, 1], "texture": "#missing"}
			}
		},
		{
			"from": [2, 10, 15],
			"to": [14, 12, 16],
			"faces": {
				"north": {"uv": [1, 7, 15, 9], "texture": "#end"},
				"east": {"uv": [15, 7, 16, 11], "texture": "#missing"},
				"south": {"uv": [1, 7, 15, 9], "texture": "#end"},
				"west": {"uv": [15, 7, 16, 11], "texture": "#missing"},
				"up": {"uv": [1, 7, 15, 8], "texture": "#end"},
				"down": {"uv": [1, 7, 15, 8], "texture": "#end"}
			}
		},
		{
			"from": [0, 0, 13],
			"to": [3, 3, 16],
			"faces": {
				"north": {"uv": [13, 13, 16, 16], "rotation": 180, "texture": "#side"},
				"east": {"uv": [0, 13, 3, 16], "rotation": 180, "texture": "#end"},
				"south": {"uv": [0, 13, 3, 16], "texture": "#end"},
				"west": {"uv": [13, 13, 16, 16], "texture": "#side"},
				"up": {"uv": [0, 0, 2, 2], "texture": "#missing"},
				"down": {"uv": [0, 0, 2, 2], "texture": "#bottom"}
			}
		},
		{
			"from": [13, 0, 13],
			"to": [16, 3, 16],
			"faces": {
				"north": {"uv": [13, 13, 16, 16], "texture": "#side"},
				"east": {"uv": [13, 13, 16, 16], "rotation": 180, "texture": "#side"},
				"south": {"uv": [13, 13, 16, 16], "texture": "#end"},
				"west": {"uv": [13, 13, 16, 16], "rotation": 180, "texture": "#end"},
				"up": {"uv": [0, 0, 2, 2], "texture": "#missing"},
				"down": {"uv": [0, 0, 2, 2], "rotation": 90, "texture": "#bottom"}
			}
		},
		{
			"from": [12, 2, 12],
			"to": [16, 3, 13],
			"faces": {
				"north": {"uv": [12, 13, 13, 14], "texture": "#side"},
				"east": {"uv": [12, 13, 13, 14], "texture": "#side"},
				"south": {"uv": [0, 0, 1, 1], "texture": "#missing"},
				"west": {"uv": [12, 13, 13, 14], "texture": "#side"},
				"up": {"uv": [0, 0, 1, 1], "texture": "#missing"},
				"down": {"uv": [12, 13, 13, 14], "texture": "#side"}
			}
		},
		{
			"from": [0, 2, 12],
			"to": [4, 3, 13],
			"faces": {
				"north": {"uv": [12, 13, 13, 14], "texture": "#end"},
				"east": {"uv": [12, 13, 13, 14], "texture": "#end"},
				"south": {"uv": [0, 0, 1, 1], "texture": "#missing"},
				"west": {"uv": [12, 13, 13, 14], "texture": "#end"},
				"up": {"uv": [0, 0, 1, 1], "texture": "#missing"},
				"down": {"uv": [12, 13, 13, 14], "texture": "#end"}
			}
		},
		{
			"from": [12, 2, 13],
			"to": [13, 3, 16],
			"faces": {
				"north": {"uv": [0, 0, 1, 1], "texture": "#missing"},
				"east": {"uv": [0, 0, 3, 1], "texture": "#missing"},
				"south": {"uv": [12, 13, 13, 14], "texture": "#side"},
				"west": {"uv": [12, 13, 13, 14], "texture": "#side"},
				"up": {"uv": [0, 0, 1, 3], "texture": "#missing"},
				"down": {"uv": [12, 13, 13, 14], "texture": "#side"}
			}
		},
		{
			"from": [3, 2, 13],
			"to": [4, 3, 16],
			"faces": {
				"north": {"uv": [12, 13, 13, 14], "texture": "#end"},
				"east": {"uv": [12, 13, 13, 14], "texture": "#end"},
				"south": {"uv": [12, 13, 13, 14], "texture": "#end"},
				"west": {"uv": [12, 13, 13, 14], "texture": "#missing"},
				"up": {"uv": [0, 0, 1, 3], "texture": "#missing"},
				"down": {"uv": [12, 13, 13, 14], "texture": "#end"}
			}
		},
		{
			"from": [2, 9, 7],
			"to": [14, 10, 13],
			"faces": {
				"north": {"uv": [7, 2, 8, 14], "rotation": 270, "texture": "#top"},
				"east": {"uv": [7, 2, 13, 3], "texture": "#top"},
				"south": {"uv": [12, 2, 13, 14], "rotation": 90, "texture": "#top"},
				"west": {"uv": [7, 13, 13, 14], "texture": "#top"},
				"up": {"uv": [7, 2, 13, 14], "rotation": 90, "texture": "#top"},
				"down": {"uv": [0, 0, 12, 6], "texture": "#missing"}
			}
		}
	]
}