{
	"credit": "Made with Blockbench",
	"ambientocclusion": true,
	"textures": {
		"particle": "blocks/bed_feet_top",
		"top": "blocks/bed_feet_top",
		"bottom": "blocks/planks_oak",
		"end": "blocks/bed_feet_end",
		"side": "blocks/bed_feet_side"
	},
	"elements": [
		{
			"from": [0, 3, 0],
			"to": [16, 9, 16],
			"faces": {
				"north": {"uv": [0, 7, 16, 13], "texture": "#end"},
				"east": {"uv": [16, 7, 0, 13], "texture": "#side"},
				"west": {"uv": [0, 0, 16, 6], "texture": "#side"},
				"up": {"uv": [0, 16, 16, 0], "rotation": 90, "texture": "#top"}
			}
		},
		{
			"from": [0, 3, 0],
			"to": [16, 3, 16],
			"faces": {
				"down": {"uv": [0, 0, 16, 16], "texture": "#bottom"}
			}
		},
		{
			"from": [14, 9, 0],
			"to": [16, 13, 1],
			"faces": {
				"north": {"uv": [0, 7, 2, 11], "texture": "#end"},
				"east": {"uv": [0, 7, 1, 11], "texture": "#end"},
				"south": {"uv": [0, 7, 2, 11], "rotation": 180, "texture": "#end"},
				"west": {"uv": [15, 7, 16, 11], "texture": "#end"},
				"up": {"uv": [0, 7, 2, 8], "rotation": 180, "texture": "#end"},
				"down": {"uv": [0, 0, 16, 1], "texture": "#missing"}
			}
		},
		{
			"from": [0, 9, 0],
			"to": [2, 13, 1],
			"faces": {
				"north": {"uv": [0, 7, 2, 11], "texture": "#end"},
				"east": {"uv": [0, 7, 1, 11], "texture": "#end"},
				"south": {"uv": [0, 7, 2, 11], "rotation": 180, "texture": "#end"},
				"west": {"uv": [15, 7, 16, 11], "texture": "#end"},
				"up": {"uv": [0, 7, 2, 8], "rotation": 180, "texture": "#end"},
				"down": {"uv": [0, 0, 16, 1], "texture": "#missing"}
			}
		},
		{
			"from": [2, 10, 0],
			"to": [14, 12, 1],
			"faces": {
				"north": {"uv": [2, 7, 14, 9], "texture": "#end"},
				"east": {"uv": [0, 7, 1, 9], "texture": "#end"},
				"south": {"uv": [2, 7, 14, 9], "rotation": 180, "texture": "#end"},
				"west": {"uv": [15, 7, 16, 10], "texture": "#missing"},
				"up": {"uv": [2, 7, 14, 8], "rotation": 180, "texture": "#end"},
				"down": {"uv": [2, 7, 14, 8], "texture": "#end"}
			}
		},
		{
			"from": [0, 0, 0],
			"to": [3, 3, 3],
			"faces": {
				"north": {"uv": [13, 13, 16, 16], "texture": "#end"},
				"east": {"uv": [13, 13, 16, 16], "rotation": 180, "texture": "#end"},
				"south": {"uv": [0, 13, 3, 16], "rotation": 180, "texture": "#side"},
				"west": {"uv": [0, 13, 3, 16], "texture": "#side"},
				"up": {"uv": [0, 0, 3, 3], "texture": "#missing"},
				"down": {"uv": [0, 0, 3, 3], "rotation": 90, "texture": "#bottom"}
			}
		},
		{
			"from": [13, 0, 0],
			"to": [16, 3, 3],
			"faces": {
				"north": {"uv": [0, 13, 3, 16], "texture": "#end"},
				"east": {"uv": [0, 13, 3, 16], "rotation": 180, "texture": "#side"},
				"south": {"uv": [0, 13, 3, 16], "texture": "#side"},
				"west": {"uv": [0, 13, 3, 16], "rotation": 180, "texture": "#end"},
				"up": {"uv": [0, 0, 3, 3], "texture": "#missing"},
				"down": {"uv": [0, 0, 3, 3], "texture": "#bottom"}
			}
		},
		{
			"from": [0, 2, 3],
			"to": [4, 3, 4],
			"faces": {
				"north": {"uv": [0, 0, 4, 1], "texture": "#missing"},
				"east": {"uv": [3, 13, 4, 14], "texture": "#end"},
				"south": {"uv": [3, 13, 4, 14], "texture": "#end"},
				"west": {"uv": [3, 13, 4, 14], "texture": "#end"},
				"up": {"uv": [0, 0, 4, 1], "texture": "#missing"},
				"down": {"uv": [3, 13, 4, 14], "texture": "#end"}
			}
		},
		{
			"from": [12, 2, 3],
			"to": [16, 3, 4],
			"faces": {
				"north": {"uv": [0, 0, 4, 1], "texture": "#missing"},
				"east": {"uv": [3, 13, 4, 14], "texture": "#end"},
				"south": {"uv": [3, 13, 4, 14], "texture": "#end"},
				"west": {"uv": [3, 13, 4, 14], "texture": "#end"},
				"up": {"uv": [0, 0, 4, 1], "texture": "#missing"},
				"down": {"uv": [3, 13, 4, 14], "texture": "#end"}
			}
		},
		{
			"from": [3, 2, 0],
			"to": [4, 3, 3],
			"faces": {
				"north": {"uv": [3, 13, 4, 14], "texture": "#end"},
				"east": {"uv": [3, 13, 4, 14], "texture": "#end"},
				"south": {"uv": [3, 13, 4, 14], "texture": "#missing"},
				"west": {"uv": [3, 13, 4, 14], "texture": "#missing"},
				"up": {"uv": [0, 0, 4, 1], "texture": "#missing"},
				"down": {"uv": [3, 13, 4, 14], "texture": "#end"}
			}
		},
		{
			"from": [12, 2, 0],
			"to": [13, 3, 3],
			"faces": {
				"north": {"uv": [3, 13, 4, 14], "texture": "#end"},
				"east": {"uv": [3, 13, 4, 14], "texture": "#missing"},
				"south": {"uv": [3, 13, 4, 14], "texture": "#missing"},
				"west": {"uv": [3, 13, 4, 14], "texture": "#end"},
				"up": {"uv": [0, 0, 4, 1], "texture": "#missing"},
				"down": {"uv": [3, 13, 4, 14], "texture": "#end"}
			}
		}
	]
}