{
	"credit": "Made with Blockbench",
	"ambientocclusion": true,
	"textures": {
		"0": "blocks/bookshelf",
		"1": "blocks/planks_oak",
		"particle": "blocks/bookshelf"
	},
	"elements": [
		{
			"from": [1, 2, 1],
			"to": [15, 15, 15],
			"faces": {
				"north": {"uv": [1, 1, 15, 14], "texture": "#0"},
				"east": {"uv": [1, 1, 15, 14], "texture": "#0"},
				"south": {"uv": [1, 1, 15, 14], "texture": "#0"},
				"west": {"uv": [1, 1, 15, 14], "texture": "#0"},
				"up": {"uv": [0, 0, 14, 14], "texture": "#missing"},
				"down": {"uv": [0, 0, 14, 14], "texture": "#missing"}
			}
		},
		{
			"from": [0, 0, 0],
			"to": [16, 2, 16],
			"faces": {
				"north": {"uv": [0, 14, 16, 16], "texture": "#0"},
				"east": {"uv": [0, 14, 16, 16], "texture": "#0"},
				"south": {"uv": [0, 14, 16, 16], "texture": "#0"},
				"west": {"uv": [0, 14, 16, 16], "texture": "#0"},
				"up": {"uv": [0, 0, 16, 16], "texture": "#1"},
				"down": {"uv": [0, 0, 16, 16], "texture": "#1"}
			}
		},
		{
			"from": [0, 15, 0],
			"to": [16, 16, 16],
			"faces": {
				"north": {"uv": [0, 0, 16, 1], "texture": "#0"},
				"east": {"uv": [0, 0, 16, 1], "texture": "#0"},
				"south": {"uv": [0, 0, 16, 1], "texture": "#0"},
				"west": {"uv": [0, 0, 16, 1], "texture": "#0"},
				"up": {"uv": [0, 0, 16, 16], "texture": "#1"},
				"down": {"uv": [0, 0, 16, 16], "texture": "#1"}
			}
		},
		{
			"from": [15, 2, 15],
			"to": [16, 15, 16],
			"faces": {
				"north": {"uv": [0, 1, 1, 14], "texture": "#0"},
				"east": {"uv": [0, 1, 1, 14], "texture": "#0"},
				"south": {"uv": [0, 1, 1, 14], "texture": "#0"},
				"west": {"uv": [0, 1, 1, 14], "texture": "#0"},
				"up": {"uv": [0, 0, 1, 1], "texture": "#missing"},
				"down": {"uv": [0, 1, 1, 14], "texture": "#0"}
			}
		},
		{
			"from": [15, 2, 0],
			"to": [16, 15, 1],
			"faces": {
				"north": {"uv": [0, 1, 1, 14], "texture": "#0"},
				"east": {"uv": [0, 1, 1, 14], "texture": "#0"},
				"south": {"uv": [0, 1, 1, 14], "texture": "#0"},
				"west": {"uv": [0, 1, 1, 14], "texture": "#0"},
				"up": {"uv": [0, 0, 1, 1], "texture": "#missing"},
				"down": {"uv": [0, 1, 1, 14], "texture": "#missing"}
			}
		},
		{
			"from": [0, 2, 0],
			"to": [1, 15, 1],
			"faces": {
				"north": {"uv": [0, 1, 1, 14], "texture": "#0"},
				"east": {"uv": [0, 1, 1, 14], "texture": "#0"},
				"south": {"uv": [0, 1, 1, 14], "texture": "#0"},
				"west": {"uv": [0, 1, 1, 14], "texture": "#0"},
				"up": {"uv": [0, 0, 1, 1], "texture": "#missing"},
				"down": {"uv": [0, 1, 1, 14], "texture": "#missing"}
			}
		},
		{
			"from": [0, 2, 15],
			"to": [1, 15, 16],
			"faces": {
				"north": {"uv": [0, 1, 1, 14], "texture": "#0"},
				"east": {"uv": [0, 1, 1, 14], "texture": "#0"},
				"south": {"uv": [0, 1, 1, 14], "texture": "#0"},
				"west": {"uv": [0, 1, 1, 14], "texture": "#0"},
				"up": {"uv": [0, 0, 1, 1], "texture": "#missing"},
				"down": {"uv": [0, 1, 1, 14], "texture": "#missing"}
			}
		},
		{
			"from": [0, 8, 1],
			"to": [1, 9, 15],
			"faces": {
				"north": {"uv": [0, 0, 1, 1], "texture": "#missing"},
				"east": {"uv": [0, 0, 14, 1], "texture": "#missing"},
				"south": {"uv": [0, 0, 1, 1], "texture": "#missing"},
				"west": {"uv": [1, 7, 15, 8], "texture": "#0"},
				"up": {"uv": [1, 7, 15, 8], "rotation": 270, "texture": "#0"},
				"down": {"uv": [1, 7, 15, 8], "rotation": 270, "texture": "#0"}
			}
		},
		{
			"from": [15, 8, 1],
			"to": [16, 9, 15],
			"faces": {
				"north": {"uv": [0, 0, 1, 1], "texture": "#missing"},
				"east": {"uv": [1, 7, 15, 8], "texture": "#0"},
				"south": {"uv": [0, 0, 1, 1], "texture": "#missing"},
				"west": {"uv": [0, 0, 14, 1], "texture": "#missing"},
				"up": {"uv": [1, 7, 15, 8], "rotation": 90, "texture": "#0"},
				"down": {"uv": [1, 7, 15, 8], "rotation": 90, "texture": "#0"}
			}
		},
		{
			"from": [1, 8, 15],
			"to": [15, 9, 16],
			"faces": {
				"north": {"uv": [0, 0, 14, 1], "texture": "#missing"},
				"east": {"uv": [0, 0, 1, 1], "texture": "#missing"},
				"south": {"uv": [1, 7, 15, 8], "texture": "#0"},
				"west": {"uv": [0, 0, 1, 1], "texture": "#missing"},
				"up": {"uv": [1, 7, 15, 8], "rotation": 180, "texture": "#0"},
				"down": {"uv": [1, 7, 15, 8], "texture": "#0"}
			}
		},
		{
			"from": [1, 8, 0],
			"to": [15, 9, 1],
			"faces": {
				"north": {"uv": [1, 7, 15, 8], "texture": "#0"},
				"east": {"uv": [0, 0, 1, 1], "texture": "#missing"},
				"south": {"uv": [0, 0, 14, 1], "texture": "#missing"},
				"west": {"uv": [0, 0, 1, 1], "texture": "#missing"},
				"up": {"uv": [1, 7, 15, 8], "texture": "#0"},
				"down": {"uv": [1, 7, 15, 8], "rotation": 180, "texture": "#0"}
			}
		}
	]
}