{
	"credit": "Made with Blockbench",
	"ambientocclusion": true,
	"textures": {
		"base": "blocks/brewing_stand_base",
		"particle": "blocks/brewing_stand",
		"stand": "blocks/brewing_stand"
	},
	"elements": [
		{
			"from": [7, 0, 7],
			"to": [9, 14, 9],
			"faces": {
				"north": {"uv": [7, 2, 9, 16], "texture": "#stand"},
				"east": {"uv": [7, 2, 9, 16], "texture": "#stand"},
				"south": {"uv": [7, 2, 9, 16], "texture": "#stand"},
				"west": {"uv": [7, 2, 9, 16], "texture": "#stand"},
				"up": {"uv": [7, 2, 9, 4], "texture": "#stand"},
				"down": {"uv": [7, 14, 9, 16], "texture": "#stand"}
			}
		},
		{
			"from": [9, 0, 5],
			"to": [15, 2, 11],
			"faces": {
				"north": {"uv": [9, 14, 15, 16], "texture": "#base"},
				"east": {"uv": [5, 14, 11, 16], "texture": "#base"},
				"south": {"uv": [9, 14, 15, 16], "texture": "#base"},
				"west": {"uv": [5, 14, 11, 16], "texture": "#base"},
				"up": {"uv": [9, 5, 15, 11], "texture": "#base"},
				"down": {"uv": [9, 5, 15, 11], "texture": "#base"}
			}
		},
		{
			"from": [2, 0, 1],
			"to": [8, 2, 7],
			"faces": {
				"north": {"uv": [2, 14, 8, 16], "texture": "#base"},
				"east": {"uv": [1, 14, 7, 16], "texture": "#base"},
				"south": {"uv": [2, 14, 8, 16], "texture": "#base"},
				"west": {"uv": [1, 14, 7, 16], "texture": "#base"},
				"up": {"uv": [2, 1, 8, 7], "texture": "#base"},
				"down": {"uv": [2, 1, 8, 7], "texture": "#base"}
			}
		},
		{
			"from": [2, 0, 9],
			"to": [8, 2, 15],
			"faces": {
				"north": {"uv": [2, 14, 8, 16], "texture": "#base"},
				"east": {"uv": [9, 14, 15, 16], "texture": "#base"},
				"south": {"uv": [2, 14, 8, 16], "texture": "#base"},
				"west": {"uv": [9, 14, 15, 16], "texture": "#base"},
				"up": {"uv": [2, 9, 8, 15], "texture": "#base"},
				"down": {"uv": [2, 9, 8, 15], "texture": "#base"}
			}
		},
		{
			"from": [9, 12, 7],
			"to": [14, 14, 9],
			"faces": {
				"north": {"uv": [2, 2, 7, 4], "texture": "#stand"},
				"east": {"uv": [2, 2, 4, 4], "texture": "#stand"},
				"south": {"uv": [2, 2, 7, 4], "texture": "#stand"},
				"west": {"uv": [5, 2, 7, 4], "texture": "#stand"},
				"up": {"uv": [2, 2, 7, 4], "texture": "#stand"},
				"down": {"uv": [2, 2, 7, 4], "texture": "#stand"}
			}
		},
		{
			"from": [12, 13, 7],
			"to": [15, 15, 9],
			"faces": {
				"north": {"uv": [1, 1, 4, 3], "texture": "#stand"},
				"east": {"uv": [1, 1, 2, 3], "texture": "#stand"},
				"south": {"uv": [1, 1, 4, 3], "rotation": 180, "texture": "#stand"},
				"west": {"uv": [3, 1, 4, 3], "texture": "#stand"},
				"up": {"uv": [1, 1, 4, 3], "rotation": 180, "texture": "#stand"},
				"down": {"uv": [1, 1, 4, 3], "rotation": 180, "texture": "#stand"}
			}
		},
		{
			"from": [-7, 13, 10],
			"to": [-4, 15, 12],
			"rotation": {"angle": 45, "axis": "y", "origin": [0, 0, 0]},
			"faces": {
				"north": {"uv": [12, 1, 15, 3], "texture": "#stand"},
				"east": {"uv": [12, 1, 13, 3], "texture": "#stand"},
				"south": {"uv": [12, 1, 15, 3], "rotation": 180, "texture": "#stand"},
				"west": {"uv": [14, 1, 15, 3], "texture": "#stand"},
				"up": {"uv": [12, 1, 15, 3], "rotation": 180, "texture": "#stand"},
				"down": {"uv": [12, 1, 15, 3], "rotation": 180, "texture": "#stand"}
			}
		},
		{
			"from": [12, 15, 7],
			"to": [14, 16, 9],
			"faces": {
				"north": {"uv": [2, 0, 4, 1], "texture": "#stand"},
				"east": {"uv": [2, 0, 4, 1], "texture": "#stand"},
				"south": {"uv": [2, 0, 4, 1], "rotation": 90, "texture": "#stand"},
				"west": {"uv": [2, 0, 4, 1], "texture": "#stand"},
				"up": {"uv": [2, 0, 4, 1], "texture": "#stand"},
				"down": {"uv": [2, 0, 4, 1], "texture": "#stand"}
			}
		},
		{
			"from": [9, 3, 7],
			"to": [10, 12, 9],
			"faces": {
				"north": {"uv": [6, 4, 7, 13], "texture": "#stand"},
				"east": {"uv": [5, 4, 6, 13], "texture": "#stand"},
				"south": {"uv": [6, 4, 7, 13], "texture": "#stand"},
				"west": {"uv": [6, 4, 7, 13], "texture": "#stand"},
				"up": {"uv": [5, 4, 7, 5], "texture": "#stand"},
				"down": {"uv": [5, 12, 7, 13], "texture": "#stand"}
			}
		},
		{
			"from": [6, 3, 7],
			"to": [7, 12, 9],
			"faces": {
				"north": {"uv": [9, 4, 10, 13], "texture": "#stand"},
				"east": {"uv": [5, 4, 6, 13], "texture": "#stand"},
				"south": {"uv": [9, 4, 10, 13], "texture": "#stand"},
				"west": {"uv": [10, 4, 11, 13], "texture": "#stand"},
				"up": {"uv": [9, 4, 11, 5], "texture": "#stand"},
				"down": {"uv": [9, 12, 11, 13], "texture": "#stand"}
			}
		},
		{
			"from": [-6, 12, 10],
			"to": [-1, 14, 12],
			"rotation": {"angle": 45, "axis": "y", "origin": [0, 0, 0]},
			"faces": {
				"north": {"uv": [9, 2, 14, 4], "texture": "#stand"},
				"east": {"uv": [9, 2, 11, 4], "texture": "#stand"},
				"south": {"uv": [9, 2, 14, 4], "texture": "#stand"},
				"west": {"uv": [12, 2, 14, 4], "texture": "#stand"},
				"up": {"uv": [9, 2, 14, 4], "texture": "#stand"},
				"down": {"uv": [9, 2, 14, 4], "texture": "#stand"}
			}
		},
		{
			"from": [5, 12, -1],
			"to": [10, 14, 1],
			"rotation": {"angle": -45, "axis": "y", "origin": [0, 0, 0]},
			"faces": {
				"north": {"uv": [9, 2, 14, 4], "texture": "#stand"},
				"east": {"uv": [9, 2, 11, 4], "texture": "#stand"},
				"south": {"uv": [9, 2, 14, 4], "texture": "#stand"},
				"west": {"uv": [12, 2, 14, 4], "texture": "#stand"},
				"up": {"uv": [9, 2, 14, 4], "texture": "#stand"},
				"down": {"uv": [9, 2, 14, 4], "texture": "#stand"}
			}
		},
		{
			"from": [4, 13, -1],
			"to": [7, 15, 1],
			"rotation": {"angle": -45, "axis": "y", "origin": [0, 0, 0]},
			"faces": {
				"north": {"uv": [12, 1, 15, 3], "texture": "#stand"},
				"east": {"uv": [12, 1, 13, 3], "texture": "#stand"},
				"south": {"uv": [12, 1, 15, 3], "rotation": 180, "texture": "#stand"},
				"west": {"uv": [14, 1, 15, 3], "texture": "#stand"},
				"up": {"uv": [12, 1, 15, 3], "rotation": 180, "texture": "#stand"},
				"down": {"uv": [12, 1, 15, 3], "rotation": 180, "texture": "#stand"}
			}
		},
		{
			"from": [-6, 15, 10],
			"to": [-4, 16, 12],
			"rotation": {"angle": 45, "axis": "y", "origin": [0, 0, 0]},
			"faces": {
				"north": {"uv": [2, 0, 4, 1], "texture": "#stand"},
				"east": {"uv": [2, 0, 4, 1], "texture": "#stand"},
				"south": {"uv": [2, 0, 4, 1], "rotation": 90, "texture": "#stand"},
				"west": {"uv": [2, 0, 4, 1], "texture": "#stand"},
				"up": {"uv": [2, 0, 4, 1], "texture": "#stand"},
				"down": {"uv": [2, 0, 4, 1], "texture": "#stand"}
			}
		},
		{
			"from": [5, 15, -1],
			"to": [7, 16, 1],
			"rotation": {"angle": -45, "axis": "y", "origin": [0, 0, 0]},
			"faces": {
				"north": {"uv": [2, 0, 4, 1], "texture": "#stand"},
				"east": {"uv": [2, 0, 4, 1], "texture": "#stand"},
				"south": {"uv": [2, 0, 4, 1], "rotation": 90, "texture": "#stand"},
				"west": {"uv": [2, 0, 4, 1], "texture": "#stand"},
				"up": {"uv": [2, 0, 4, 1], "texture": "#stand"},
				"down": {"uv": [2, 0, 4, 1], "texture": "#stand"}
			}
		},
		{
			"from": [11, 2, 6],
			"to": [15, 6, 10],
			"faces": {
				"north": {"uv": [0, 10, 5, 15], "texture": "#stand"},
				"east": {"uv": [0, 10, 5, 15], "texture": "#stand"},
				"south": {"uv": [0, 10, 5, 15], "texture": "#stand"},
				"west": {"uv": [0, 10, 5, 15], "texture": "#stand"},
				"up": {"uv": [13, 10, 16, 13], "texture": "#stand"},
				"down": {"uv": [13, 10, 16, 13], "texture": "#stand"}
			}
		},
		{
			"from": [12.3, 6, 7.3],
			"to": [13.7, 7.4, 8.7],
			"faces": {
				"north": {"uv": [1, 10, 2, 11], "texture": "#stand"},
				"east": {"uv": [1, 9, 2, 10], "texture": "#stand"},
				"south": {"uv": [0, 10, 1, 11], "texture": "#stand"},
				"west": {"uv": [1, 10, 2, 11], "texture": "#stand"},
				"up": {"uv": [1, 10, 2, 11], "texture": "#stand"},
				"down": {"uv": [0, 10, 1, 11], "texture": "#stand"}
			}
		},
		{
			"from": [11.7, 7.4, 6.7],
			"to": [14.2, 8.4, 9.2],
			"faces": {
				"north": {"uv": [1, 7, 4, 8], "texture": "#stand"},
				"east": {"uv": [1, 7, 4, 8], "texture": "#stand"},
				"south": {"uv": [1, 7, 4, 8], "texture": "#stand"},
				"west": {"uv": [1, 7, 4, 8], "texture": "#stand"},
				"up": {"uv": [13, 13, 16, 16], "texture": "#stand"},
				"down": {"uv": [13, 13, 16, 16], "texture": "#stand"}
			}
		}
	]
}