{
	"credit": "Made with Blockbench",
	"ambientocclusion": true,
	"textures": {
		"3": "blocks/crafting_table_side_2",
		"4": "blocks/crafting_table_side_3",
		"5": "blocks/crafting_table_bottom",
		"up": "blocks/crafting_table_top",
		"particle": "blocks/crafting_table_front",
		"north": "blocks/crafting_table_front",
		"east": "blocks/crafting_table_side"
	},
	"elements": [
		{
			"from": [0, 0, 0],
			"to": [16, 16, 16],
			"faces": {
				"north": {"uv": [0, 0, 16, 16], "texture": "#north"},
				"east": {"uv": [0, 0, 16, 16], "texture": "#4"},
				"south": {"uv": [0, 0, 16, 16], "texture": "#3"},
				"west": {"uv": [0, 0, 16, 16], "texture": "#east"},
				"up": {"uv": [0, 0, 16, 16], "texture": "#up"},
				"down": {"uv": [0, 0, 16, 16], "texture": "#5"}
			}
		},
		{
			"from": [4, 2, -0.5],
			"to": [5, 11, 0],
			"faces": {
				"north": {"uv": [11, 5, 12, 14], "texture": "#north"},
				"east": {"uv": [11, 5, 12, 14], "texture": "#north"},
				"south": {"uv": [0, 0, 1, 9], "texture": "#missing"},
				"west": {"uv": [11, 5, 12, 14], "texture": "#north"},
				"up": {"uv": [11, 5, 12, 6], "texture": "#north"},
				"down": {"uv": [11, 13, 12, 14], "texture": "#north"}
			}
		},
		{
			"from": [2, 8, -0.5],
			"to": [4, 10, 0],
			"faces": {
				"north": {"uv": [12, 6, 14, 8], "texture": "#north"},
				"east": {"uv": [0, 0, 1, 2], "texture": "#missing"},
				"south": {"uv": [0, 0, 2, 2], "texture": "#missing"},
				"west": {"uv": [13, 6, 14, 8], "texture": "#north"},
				"up": {"uv": [12, 6, 14, 7], "texture": "#north"},
				"down": {"uv": [12, 7, 14, 8], "texture": "#north"}
			}
		},
		{
			"from": [2, 7, -0.5],
			"to": [3, 8, 0],
			"faces": {
				"north": {"uv": [13, 8, 14, 9], "texture": "#north"},
				"east": {"uv": [13, 8, 14, 9], "texture": "#north"},
				"south": {"uv": [0, 0, 1, 1], "texture": "#missing"},
				"west": {"uv": [13, 8, 14, 9], "texture": "#north"},
				"up": {"uv": [0, 0, 1, 1], "texture": "#missing"},
				"down": {"uv": [13, 8, 14, 9], "texture": "#north"}
			}
		},
		{
			"from": [5, 9, -0.5],
			"to": [6, 10, 0],
			"faces": {
				"north": {"uv": [10, 6, 11, 7], "texture": "#north"},
				"east": {"uv": [10, 6, 11, 7], "texture": "#north"},
				"south": {"uv": [0, 0, 1, 1], "texture": "#missing"},
				"west": {"uv": [0, 0, 1, 1], "texture": "#missing"},
				"up": {"uv": [10, 6, 11, 7], "texture": "#north"},
				"down": {"uv": [10, 6, 11, 7], "texture": "#north"}
			}
		},
		{
			"from": [10, 8, -0.5],
			"to": [11, 9, 0],
			"faces": {
				"north": {"uv": [5, 7, 6, 8], "texture": "#north"},
				"east": {"uv": [0, 0, 1, 1], "texture": "#missing"},
				"south": {"uv": [0, 0, 1, 1], "texture": "#missing"},
				"west": {"uv": [5, 7, 6, 8], "texture": "#north"},
				"up": {"uv": [5, 7, 6, 8], "texture": "#north"},
				"down": {"uv": [5, 7, 6, 8], "texture": "#north"}
			}
		},
		{
			"from": [13, 7, -0.5],
			"to": [14, 8, 0],
			"faces": {
				"north": {"uv": [2, 8, 3, 9], "texture": "#north"},
				"east": {"uv": [2, 8, 3, 9], "texture": "#north"},
				"south": {"uv": [0, 0, 1, 1], "texture": "#missing"},
				"west": {"uv": [5, 7, 6, 8], "texture": "#missing"},
				"up": {"uv": [2, 8, 3, 9], "texture": "#north"},
				"down": {"uv": [2, 8, 3, 9], "texture": "#north"}
			}
		},
		{
			"from": [12, 2, -0.5],
			"to": [13, 11, 0],
			"faces": {
				"north": {"uv": [3, 5, 4, 14], "texture": "#north"},
				"east": {"uv": [3, 5, 4, 14], "texture": "#north"},
				"south": {"uv": [0, 0, 1, 9], "texture": "#missing"},
				"west": {"uv": [3, 5, 4, 14], "texture": "#north"},
				"up": {"uv": [3, 5, 4, 6], "texture": "#north"},
				"down": {"uv": [3, 13, 4, 14], "texture": "#north"}
			}
		},
		{
			"from": [11, 3, -0.5],
			"to": [12, 12, 0],
			"faces": {
				"north": {"uv": [4, 4, 5, 13], "texture": "#north"},
				"east": {"uv": [4, 4, 5, 13], "texture": "#north"},
				"south": {"uv": [0, 0, 1, 9], "texture": "#missing"},
				"west": {"uv": [4, 4, 5, 13], "texture": "#north"},
				"up": {"uv": [4, 4, 5, 5], "texture": "#north"},
				"down": {"uv": [4, 12, 5, 13], "texture": "#north"}
			}
		},
		{
			"from": [15.5, 2, 4],
			"to": [16.5, 11, 5],
			"faces": {
				"north": {"uv": [11, 5, 12, 14], "texture": "#4"},
				"east": {"uv": [11, 5, 12, 14], "texture": "#4"},
				"south": {"uv": [11, 5, 12, 14], "texture": "#4"},
				"west": {"uv": [0, 0, 1, 9], "texture": "#missing"},
				"up": {"uv": [11, 5, 12, 6], "texture": "#4"},
				"down": {"uv": [11, 13, 12, 14], "texture": "#4"}
			}
		},
		{
			"from": [15.5, 9, 2],
			"to": [16.5, 10, 4],
			"faces": {
				"north": {"uv": [13, 6, 14, 7], "texture": "#4"},
				"east": {"uv": [12, 6, 14, 7], "texture": "#4"},
				"south": {"uv": [0, 0, 1, 1], "texture": "#missing"},
				"west": {"uv": [0, 0, 2, 1], "texture": "#missing"},
				"up": {"uv": [12, 6, 14, 7], "rotation": 270, "texture": "#4"},
				"down": {"uv": [12, 6, 14, 7], "rotation": 90, "texture": "#4"}
			}
		},
		{
			"from": [15.5, 9, 5],
			"to": [16.5, 10, 7],
			"faces": {
				"north": {"uv": [13, 6, 14, 7], "texture": "#missing"},
				"east": {"uv": [9, 6, 11, 7], "texture": "#4"},
				"south": {"uv": [9, 6, 10, 7], "texture": "#4"},
				"west": {"uv": [0, 0, 2, 1], "texture": "#missing"},
				"up": {"uv": [9, 6, 11, 7], "rotation": 270, "texture": "#4"},
				"down": {"uv": [9, 6, 11, 7], "rotation": 90, "texture": "#4"}
			}
		},
		{
			"from": [15.5, 8, 6],
			"to": [16.5, 9, 7],
			"faces": {
				"north": {"uv": [9, 7, 10, 8], "texture": "#4"},
				"east": {"uv": [9, 7, 10, 8], "texture": "#4"},
				"south": {"uv": [9, 7, 10, 8], "texture": "#4"},
				"west": {"uv": [0, 0, 2, 1], "texture": "#missing"},
				"up": {"uv": [9, 6, 11, 7], "rotation": 270, "texture": "#missing"},
				"down": {"uv": [9, 7, 10, 8], "rotation": 90, "texture": "#4"}
			}
		},
		{
			"from": [15.5, 8, 2],
			"to": [16.5, 9, 3],
			"faces": {
				"north": {"uv": [13, 7, 14, 8], "texture": "#4"},
				"east": {"uv": [13, 7, 14, 8], "texture": "#4"},
				"south": {"uv": [13, 7, 14, 8], "texture": "#4"},
				"west": {"uv": [0, 0, 2, 1], "texture": "#missing"},
				"up": {"uv": [9, 6, 11, 7], "rotation": 270, "texture": "#missing"},
				"down": {"uv": [13, 7, 14, 8], "rotation": 90, "texture": "#4"}
			}
		},
		{
			"from": [15.5, 5, 11],
			"to": [16.5, 8, 12],
			"faces": {
				"north": {"uv": [4, 8, 5, 11], "texture": "#4"},
				"east": {"uv": [4, 8, 5, 11], "texture": "#4"},
				"south": {"uv": [4, 8, 5, 11], "texture": "#4"},
				"west": {"uv": [0, 0, 1, 9], "texture": "#missing"},
				"up": {"uv": [4, 8, 5, 9], "texture": "#4"},
				"down": {"uv": [11, 13, 12, 14], "texture": "#missing"}
			}
		},
		{
			"from": [15.5, 3, 10],
			"to": [16.5, 5, 13],
			"faces": {
				"north": {"uv": [5, 11, 6, 13], "texture": "#4"},
				"east": {"uv": [3, 11, 6, 13], "texture": "#4"},
				"south": {"uv": [3, 11, 4, 13], "texture": "#4"},
				"west": {"uv": [0, 0, 1, 9], "texture": "#missing"},
				"up": {"uv": [3, 12, 6, 12], "rotation": 270, "texture": "#4"},
				"down": {"uv": [3, 12, 6, 13], "rotation": 90, "texture": "#4"}
			}
		},
		{
			"from": [15.5, 2, 11],
			"to": [16.5, 3, 12],
			"faces": {
				"north": {"uv": [4, 13, 5, 14], "texture": "#4"},
				"east": {"uv": [4, 13, 5, 14], "texture": "#4"},
				"south": {"uv": [4, 13, 5, 14], "texture": "#4"},
				"west": {"uv": [0, 0, 1, 1], "texture": "#missing"},
				"up": {"uv": [0, 0, 1, 1], "texture": "#missing"},
				"down": {"uv": [4, 13, 5, 14], "texture": "#4"}
			}
		},
		{
			"from": [15.5, 9, 10],
			"to": [16.5, 10, 13],
			"faces": {
				"north": {"uv": [5, 6, 6, 7], "texture": "#4"},
				"east": {"uv": [3, 6, 6, 7], "texture": "#4"},
				"south": {"uv": [3, 6, 4, 7], "texture": "#4"},
				"west": {"uv": [0, 0, 3, 1], "texture": "#missing"},
				"up": {"uv": [3, 6, 6, 7], "texture": "#4"},
				"down": {"uv": [3, 6, 6, 7], "texture": "#4"}
			}
		},
		{
			"from": [15.5, 8, 12],
			"to": [16.5, 9, 13],
			"faces": {
				"north": {"uv": [3, 7, 4, 8], "texture": "#4"},
				"east": {"uv": [3, 7, 4, 8], "texture": "#4"},
				"south": {"uv": [3, 7, 4, 8], "texture": "#4"},
				"west": {"uv": [0, 0, 3, 1], "texture": "#missing"},
				"up": {"uv": [3, 6, 6, 7], "texture": "#missing"},
				"down": {"uv": [3, 7, 4, 8], "texture": "#4"}
			}
		},
		{
			"from": [15.5, 8, 10],
			"to": [16.5, 9, 11],
			"faces": {
				"north": {"uv": [5, 7, 6, 8], "texture": "#4"},
				"east": {"uv": [5, 7, 6, 8], "texture": "#4"},
				"south": {"uv": [5, 7, 6, 8], "texture": "#4"},
				"west": {"uv": [0, 0, 3, 1], "texture": "#missing"},
				"up": {"uv": [3, 6, 6, 7], "texture": "#missing"},
				"down": {"uv": [5, 7, 6, 8], "texture": "#4"}
			}
		},
		{
			"from": [-0.5, 4, 3],
			"to": [0.5, 7, 4],
			"faces": {
				"north": {"uv": [3, 9, 4, 12], "texture": "#east"},
				"east": {"uv": [0, 0, 1, 3], "texture": "#missing"},
				"south": {"uv": [3, 9, 4, 12], "texture": "#east"},
				"west": {"uv": [3, 9, 4, 12], "texture": "#east"},
				"up": {"uv": [3, 9, 4, 10], "texture": "#east"},
				"down": {"uv": [3, 11, 4, 12], "texture": "#east"}
			}
		},
		{
			"from": [-0.5, 4, 5],
			"to": [0.5, 7, 6],
			"faces": {
				"north": {"uv": [5, 9, 6, 12], "texture": "#east"},
				"east": {"uv": [0, 0, 1, 3], "texture": "#missing"},
				"south": {"uv": [5, 9, 6, 12], "texture": "#east"},
				"west": {"uv": [5, 9, 6, 12], "texture": "#east"},
				"up": {"uv": [5, 9, 6, 10], "texture": "#east"},
				"down": {"uv": [5, 11, 6, 12], "texture": "#east"}
			}
		},
		{
			"from": [-0.5, 6, 4],
			"to": [0.5, 8, 5],
			"faces": {
				"north": {"uv": [4, 8, 5, 10], "texture": "#east"},
				"east": {"uv": [0, 0, 1, 2], "texture": "#missing"},
				"south": {"uv": [4, 8, 5, 10], "texture": "#east"},
				"west": {"uv": [4, 8, 5, 10], "texture": "#east"},
				"up": {"uv": [4, 8, 5, 9], "texture": "#east"},
				"down": {"uv": [4, 9, 5, 10], "texture": "#east"}
			}
		},
		{
			"from": [-0.5, 8, 3],
			"to": [0.5, 10, 4],
			"faces": {
				"north": {"uv": [3, 6, 4, 8], "texture": "#east"},
				"east": {"uv": [0, 0, 1, 2], "texture": "#missing"},
				"south": {"uv": [3, 6, 4, 8], "texture": "#east"},
				"west": {"uv": [3, 6, 4, 8], "texture": "#east"},
				"up": {"uv": [3, 6, 4, 7], "texture": "#east"},
				"down": {"uv": [3, 7, 4, 8], "texture": "#east"}
			}
		},
		{
			"from": [-0.5, 8, 5],
			"to": [0.5, 10, 6],
			"faces": {
				"north": {"uv": [5, 6, 6, 8], "texture": "#east"},
				"east": {"uv": [0, 0, 1, 2], "texture": "#missing"},
				"south": {"uv": [5, 6, 6, 8], "texture": "#east"},
				"west": {"uv": [5, 6, 6, 8], "texture": "#east"},
				"up": {"uv": [5, 6, 6, 7], "texture": "#east"},
				"down": {"uv": [5, 7, 6, 8], "texture": "#east"}
			}
		},
		{
			"from": [3, 4, 15.5],
			"to": [4, 10, 16.5],
			"faces": {
				"north": {"uv": [0, 0, 1, 6], "texture": "#missing"},
				"east": {"uv": [3, 6, 4, 12], "texture": "#3"},
				"south": {"uv": [3, 6, 4, 12], "texture": "#3"},
				"west": {"uv": [3, 6, 4, 12], "texture": "#3"},
				"up": {"uv": [3, 6, 4, 7], "texture": "#3"},
				"down": {"uv": [3, 11, 4, 12], "texture": "#3"}
			}
		},
		{
			"from": [5, 4, 15.5],
			"to": [6, 10, 16.5],
			"faces": {
				"north": {"uv": [0, 0, 1, 6], "texture": "#missing"},
				"east": {"uv": [5, 6, 6, 12], "texture": "#3"},
				"south": {"uv": [5, 6, 6, 12], "texture": "#3"},
				"west": {"uv": [5, 6, 6, 12], "texture": "#3"},
				"up": {"uv": [5, 6, 6, 7], "texture": "#3"},
				"down": {"uv": [5, 11, 6, 12], "texture": "#3"}
			}
		},
		{
			"from": [12, 2, 15.5],
			"to": [13, 11, 16.5],
			"faces": {
				"north": {"uv": [0, 0, 1, 9], "texture": "#missing"},
				"east": {"uv": [12, 5, 13, 14], "texture": "#3"},
				"south": {"uv": [12, 5, 13, 14], "texture": "#3"},
				"west": {"uv": [12, 5, 13, 14], "texture": "#3"},
				"up": {"uv": [12, 5, 13, 6], "texture": "#3"},
				"down": {"uv": [12, 13, 13, 14], "texture": "#3"}
			}
		},
		{
			"from": [11, 4, 15.5],
			"to": [12, 9, 16.5],
			"faces": {
				"north": {"uv": [0, 0, 1, 9], "texture": "#missing"},
				"east": {"uv": [12, 5, 13, 14], "texture": "#missing"},
				"south": {"uv": [11, 7, 12, 12], "texture": "#3"},
				"west": {"uv": [11, 7, 12, 12], "texture": "#3"},
				"up": {"uv": [11, 7, 12, 8], "texture": "#3"},
				"down": {"uv": [11, 11, 12, 12], "texture": "#3"}
			}
		},
		{
			"from": [10, 6, 15.5],
			"to": [11, 11, 16.5],
			"faces": {
				"north": {"uv": [0, 0, 1, 9], "texture": "#missing"},
				"east": {"uv": [10, 5, 11, 8], "texture": "#3"},
				"south": {"uv": [10, 5, 11, 10], "texture": "#3"},
				"west": {"uv": [10, 5, 11, 10], "texture": "#3"},
				"up": {"uv": [10, 5, 11, 6], "texture": "#3"},
				"down": {"uv": [10, 9, 11, 10], "texture": "#3"}
			}
		},
		{
			"from": [11, 10, 15.5],
			"to": [12, 11, 16.5],
			"faces": {
				"north": {"uv": [0, 0, 1, 1], "texture": "#missing"},
				"east": {"uv": [0, 0, 1, 1], "texture": "#missing"},
				"south": {"uv": [11, 5, 12, 6], "texture": "#3"},
				"west": {"uv": [0, 0, 1, 1], "texture": "#missing"},
				"up": {"uv": [11, 5, 12, 6], "texture": "#3"},
				"down": {"uv": [11, 5, 12, 6], "texture": "#3"}
			}
		}
	]
}