{
	"credit": "Made with Blockbench",
	"ambientocclusion": true,
	"textures": {
		"particle": "blocks/enchanting_table_bottom",
		"bottom": "blocks/enchanting_table_bottom",
		"top": "blocks/enchanting_table_top",
		"side": "blocks/enchanting_table_side"
	},
	"elements": [
		{
			"from": [0, 0, 0],
			"to": [16, 12, 16],
			"faces": {
				"north": {"uv": [0, 4, 16, 16], "texture": "#side"},
				"east": {"uv": [0, 4, 16, 16], "texture": "#side"},
				"south": {"uv": [0, 4, 16, 16], "texture": "#side"},
				"west": {"uv": [0, 4, 16, 16], "texture": "#side"},
				"up": {"uv": [0, 0, 16, 16], "texture": "#top"},
				"down": {"uv": [0, 0, 16, 16], "texture": "#bottom"}
			}
		},
		{
			"from": [-0.5, 8, -0.5],
			"to": [3, 12.5, 3],
			"faces": {
				"north": {"uv": [13, 4, 16, 8], "texture": "#side"},
				"east": {"uv": [0, 4, 3, 8], "texture": "#side"},
				"south": {"uv": [0, 4, 3, 8], "texture": "#side"},
				"west": {"uv": [0, 4, 3, 8], "texture": "#side"},
				"up": {"uv": [0, 0, 3, 3], "texture": "#top"},
				"down": {"uv": [0, 7, 3, 8], "texture": "#side"}
			}
		},
		{
			"from": [-0.5, 8, 13],
			"to": [3, 12.5, 16.5],
			"faces": {
				"north": {"uv": [13, 4, 16, 8], "texture": "#side"},
				"east": {"uv": [0, 4, 3, 8], "texture": "#side"},
				"south": {"uv": [0, 4, 3, 8], "texture": "#side"},
				"west": {"uv": [13, 4, 16, 8], "texture": "#side"},
				"up": {"uv": [0, 13, 3, 16], "texture": "#top"},
				"down": {"uv": [0, 7, 3, 8], "texture": "#side"}
			}
		},
		{
			"from": [13, 8, 13],
			"to": [16.5, 12.5, 16.5],
			"faces": {
				"north": {"uv": [13, 4, 16, 8], "texture": "#side"},
				"east": {"uv": [0, 4, 3, 8], "texture": "#side"},
				"south": {"uv": [13, 4, 16, 8], "texture": "#side"},
				"west": {"uv": [13, 4, 16, 8], "texture": "#side"},
				"up": {"uv": [13, 13, 16, 16], "texture": "#top"},
				"down": {"uv": [13, 7, 16, 8], "texture": "#side"}
			}
		},
		{
			"from": [13, 8, -0.5],
			"to": [16.5, 12.5, 3],
			"faces": {
				"north": {"uv": [0, 4, 3, 8], "texture": "#side"},
				"east": {"uv": [13, 4, 16, 8], "texture": "#side"},
				"south": {"uv": [13, 4, 16, 8], "texture": "#side"},
				"west": {"uv": [13, 4, 16, 8], "texture": "#side"},
				"up": {"uv": [13, 0, 16, 3], "texture": "#top"},
				"down": {"uv": [13, 7, 16, 8], "texture": "#side"}
			}
		},
		{
			"from": [-0.5, 9, 3],
			"to": [3, 12.5, 4],
			"faces": {
				"north": {"uv": [0, 0, 3.5, 4.5], "texture": "#missing"},
				"east": {"uv": [3, 6, 4, 7], "texture": "#side"},
				"south": {"uv": [3, 4, 4, 7], "texture": "#side"},
				"west": {"uv": [3, 4, 4, 7], "texture": "#side"},
				"up": {"uv": [0, 3, 3, 4], "texture": "#top"},
				"down": {"uv": [3, 6, 4, 7], "texture": "#side"}
			}
		},
		{
			"from": [-0.5, 9, 12],
			"to": [3, 12.5, 13],
			"faces": {
				"north": {"uv": [3, 4, 4, 7], "texture": "#side"},
				"east": {"uv": [0, 3, 1, 3], "texture": "#top"},
				"south": {"uv": [3, 4, 4, 7], "texture": "#missing"},
				"west": {"uv": [3, 4, 4, 7], "texture": "#side"},
				"up": {"uv": [0, 3, 3, 4], "texture": "#top"},
				"down": {"uv": [3, 6, 4, 7], "texture": "#side"}
			}
		},
		{
			"from": [13, 9, 12],
			"to": [16.5, 12.5, 13],
			"faces": {
				"north": {"uv": [3, 4, 4, 7], "texture": "#side"},
				"east": {"uv": [3, 4, 4, 7], "texture": "#side"},
				"south": {"uv": [3, 4, 4, 7], "texture": "#missing"},
				"west": {"uv": [3, 5, 4, 6], "texture": "#side"},
				"up": {"uv": [13, 12, 16, 13], "texture": "#top"},
				"down": {"uv": [3, 6, 4, 7], "texture": "#side"}
			}
		},
		{
			"from": [13, 9, 3],
			"to": [16.5, 12.5, 4],
			"faces": {
				"north": {"uv": [3, 4, 4, 7], "texture": "#missing"},
				"east": {"uv": [12, 4, 13, 7], "texture": "#side"},
				"south": {"uv": [3, 4, 4, 7], "texture": "#side"},
				"west": {"uv": [3, 5, 4, 6], "texture": "#side"},
				"up": {"uv": [13, 3, 16, 4], "texture": "#top"},
				"down": {"uv": [3, 6, 4, 7], "texture": "#side"}
			}
		},
		{
			"from": [3, 9, -0.5],
			"to": [4, 12.5, 3],
			"faces": {
				"north": {"uv": [12, 4, 13, 7], "texture": "#side"},
				"east": {"uv": [12, 4, 13, 7], "texture": "#side"},
				"south": {"uv": [3, 4, 4, 7], "texture": "#side"},
				"west": {"uv": [0, 0, 4.5, 3.5], "texture": "#missing"},
				"up": {"uv": [3, 0, 4, 3], "texture": "#top"},
				"down": {"uv": [12, 6, 13, 7], "texture": "#side"}
			}
		},
		{
			"from": [3, 9, 13],
			"to": [4, 12.5, 16.5],
			"faces": {
				"north": {"uv": [13, 3, 14, 4], "texture": "#top"},
				"east": {"uv": [12, 4, 13, 7], "texture": "#side"},
				"south": {"uv": [3, 4, 4, 7], "texture": "#side"},
				"west": {"uv": [0, 0, 4.5, 3.5], "texture": "#missing"},
				"up": {"uv": [3, 13, 4, 16], "texture": "#top"},
				"down": {"uv": [12, 6, 13, 7], "texture": "#side"}
			}
		},
		{
			"from": [12, 9, 13],
			"to": [13, 12.5, 16.5],
			"faces": {
				"north": {"uv": [12, 5, 13, 6], "texture": "#side"},
				"east": {"uv": [12, 4, 13, 7], "texture": "#missing"},
				"south": {"uv": [12, 4, 13, 7], "texture": "#side"},
				"west": {"uv": [3, 4, 4, 7], "texture": "#side"},
				"up": {"uv": [12, 13, 13, 16], "texture": "#top"},
				"down": {"uv": [12, 6, 13, 7], "texture": "#side"}
			}
		},
		{
			"from": [12, 9, -0.5],
			"to": [13, 12.5, 3],
			"faces": {
				"north": {"uv": [3, 4, 4, 7], "texture": "#side"},
				"east": {"uv": [12, 4, 13, 7], "texture": "#missing"},
				"south": {"uv": [12, 5, 13, 6], "texture": "#side"},
				"west": {"uv": [3, 4, 4, 7], "texture": "#side"},
				"up": {"uv": [12, 0, 13, 3], "texture": "#top"},
				"down": {"uv": [12, 6, 13, 7], "texture": "#side"}
			}
		}
	],
	"display": {}
}