{
	"credit": "Made with Blockbench",
	"ambientocclusion": true,
	"textures": {
		"top": "blocks/hopper_top",
		"particle": "blocks/hopper_outside",
		"side": "blocks/hopper_outside",
		"inside": "blocks/hopper_inside"
	},
	"elements": [
		{
			"from": [0, 10, 0],
			"to": [16, 11, 16],
			"faces": {
				"north": {"uv": [0, 5, 16, 6], "texture": "#side"},
				"east": {"uv": [0, 5, 16, 6], "texture": "#side"},
				"south": {"uv": [0, 5, 16, 6], "texture": "#side"},
				"west": {"uv": [0, 5, 16, 6], "texture": "#side"},
				"up": {"uv": [0, 0, 16, 16], "texture": "#inside"},
				"down": {"uv": [0, 0, 16, 16], "texture": "#inside"}
			}
		},
		{
			"from": [0, 11, 0],
			"to": [2, 16, 16],
			"faces": {
				"north": {"uv": [0, 0, 2, 5], "texture": "#side"},
				"east": {"uv": [0, 0, 16, 5], "texture": "#side"},
				"south": {"uv": [0, 0, 2, 5], "texture": "#side"},
				"west": {"uv": [0, 0, 16, 5], "texture": "#side"},
				"up": {"uv": [0, 0, 2, 16], "texture": "#top"},
				"down": {"uv": [0, 0, 2, 16], "texture": "#side"}
			}
		},
		{
			"from": [14, 11, 0],
			"to": [16, 16, 16],
			"faces": {
				"north": {"uv": [14, 0, 16, 5], "texture": "#side"},
				"east": {"uv": [0, 0, 16, 5], "texture": "#side"},
				"south": {"uv": [14, 0, 16, 5], "texture": "#side"},
				"west": {"uv": [0, 0, 16, 5], "texture": "#side"},
				"up": {"uv": [14, 0, 16, 16], "texture": "#top"},
				"down": {"uv": [14, 0, 16, 16], "texture": "#side"}
			}
		},
		{
			"from": [2, 11, 0],
			"to": [14, 16, 2],
			"faces": {
				"north": {"uv": [2, 0, 14, 5], "texture": "#side"},
				"east": {"uv": [0, 0, 2, 5], "texture": "#side"},
				"south": {"uv": [2, 0, 14, 5], "texture": "#side"},
				"west": {"uv": [0, 0, 2, 5], "texture": "#side"},
				"up": {"uv": [2, 0, 14, 2], "texture": "#top"},
				"down": {"uv": [2, 0, 14, 2], "texture": "#side"}
			}
		},
		{
			"from": [2, 11, 14],
			"to": [14, 16, 16],
			"faces": {
				"north": {"uv": [2, 0, 14, 5], "texture": "#side"},
				"east": {"uv": [14, 0, 16, 5], "texture": "#side"},
				"south": {"uv": [2, 0, 14, 5], "texture": "#side"},
				"west": {"uv": [14, 0, 16, 5], "texture": "#side"},
				"up": {"uv": [2, 14, 14, 16], "texture": "#top"},
				"down": {"uv": [2, 14, 14, 16], "texture": "#side"}
			}
		},
		{
			"from": [4, 4, 4],
			"to": [12, 10, 12],
			"faces": {
				"north": {"uv": [4, 6, 12, 12], "texture": "#side"},
				"east": {"uv": [4, 6, 12, 12], "texture": "#side"},
				"south": {"uv": [4, 6, 12, 12], "texture": "#side"},
				"west": {"uv": [4, 6, 12, 12], "texture": "#side"},
				"up": {"uv": [4, 4, 12, 12], "texture": "#side"},
				"down": {"uv": [4, 4, 12, 12], "texture": "#inside"}
			}
		},
		{
			"from": [6, 4, 0],
			"to": [10, 8, 4],
			"faces": {
				"north": {"uv": [6, 8, 10, 12], "texture": "#inside"},
				"east": {"uv": [0, 8, 4, 12], "rotation": 270, "texture": "#side"},
				"south": {"uv": [6, 8, 10, 12], "texture": "#side"},
				"west": {"uv": [0, 8, 4, 12], "rotation": 90, "texture": "#side"},
				"up": {"uv": [0, 8, 4, 12], "rotation": 180, "texture": "#side"},
				"down": {"uv": [0, 8, 4, 12], "texture": "#side"}
			}
		}
	]
}