{
	"credit": "Made with Blockbench",
	"ambientocclusion": true,
	"textures": {
		"texture": "blocks/ladder",
		"particle": "blocks/ladder"
	},
	"elements": [
		{
			"from": [12, 0, 15],
			"to": [14, 16, 16],
			"faces": {
				"north": {"uv": [2, 0, 4, 16], "texture": "#texture"},
				"east": {"uv": [2, 0, 3, 16], "texture": "#texture"},
				"south": {"uv": [2, 0, 4, 16], "texture": "#texture"},
				"west": {"uv": [2, 0, 3, 16], "texture": "#texture"},
				"up": {"uv": [2, 0, 4, 1], "texture": "#texture"},
				"down": {"uv": [2, 15, 4, 16], "texture": "#texture"}
			}
		},
		{
			"from": [1, 12, 14],
			"to": [15, 14, 15],
			"faces": {
				"north": {"uv": [1, 2, 15, 4], "texture": "#texture"},
				"east": {"uv": [1, 2, 2, 4], "texture": "#texture"},
				"south": {"uv": [1, 2, 15, 4], "texture": "#texture"},
				"west": {"uv": [14, 2, 15, 4], "texture": "#texture"},
				"up": {"uv": [1, 2, 15, 3], "texture": "#texture"},
				"down": {"uv": [1, 3, 15, 4], "texture": "#texture"}
			}
		},
		{
			"from": [2, 0, 15],
			"to": [4, 16, 16],
			"faces": {
				"north": {"uv": [12, 0, 14, 16], "texture": "#texture"},
				"east": {"uv": [13, 0, 14, 16], "texture": "#texture"},
				"south": {"uv": [12, 0, 14, 16], "texture": "#texture"},
				"west": {"uv": [13, 0, 14, 16], "texture": "#texture"},
				"up": {"uv": [12, 0, 14, 1], "texture": "#texture"},
				"down": {"uv": [12, 15, 14, 16], "texture": "#texture"}
			}
		},
		{
			"from": [1, 7, 14],
			"to": [15, 9, 15],
			"faces": {
				"north": {"uv": [1, 7, 15, 9], "texture": "#texture"},
				"east": {"uv": [1, 7, 2, 9], "texture": "#texture"},
				"south": {"uv": [1, 7, 15, 9], "texture": "#texture"},
				"west": {"uv": [14, 7, 15, 9], "texture": "#texture"},
				"up": {"uv": [1, 7, 15, 8], "texture": "#texture"},
				"down": {"uv": [1, 8, 15, 9], "texture": "#texture"}
			}
		},
		{
			"from": [1, 2, 14],
			"to": [15, 4, 15],
			"faces": {
				"north": {"uv": [1, 12, 15, 14], "texture": "#texture"},
				"east": {"uv": [1, 12, 2, 14], "texture": "#texture"},
				"south": {"uv": [1, 12, 15, 14], "texture": "#texture"},
				"west": {"uv": [14, 12, 15, 14], "texture": "#texture"},
				"up": {"uv": [1, 12, 15, 13], "texture": "#texture"},
				"down": {"uv": [1, 13, 15, 14], "texture": "#texture"}
			}
		}
	]
}