{
    "parent": "builtin/entity",
    "display": {
        "thirdperson": {
            "rotation": [ 180, -45, 0 ],
            "translation": [ 0, 1, -2.5 ],
            "scale": [ 0.25, 0.25, 0.25 ]
        },
        "firstperson": {
            "rotation": [ 0, -180, 0 ],
            "translation": [ 0, 2, 0 ],
            "scale": [ 0.55, 0.55, 0.55 ]
        },
        "gui": {
            "rotation": [ 0, 180, 0 ],
            "scale": [ 0.7, 0.7, 0.7 ]
        }
    }
}
