{
	"credit": "Made with Blockbench",
	"ambientocclusion": false,
	"textures": {
		"texture": "blocks/tallgrass1"
	},
	"elements": [
		{
			"from": [0, 1, 0],
			"to": [16, 1, 16],
			"faces": {
				"north": {"uv": [0, 0, 16, 0], "texture": "#missing"},
				"east": {"uv": [0, 0, 16, 0], "texture": "#missing"},
				"south": {"uv": [0, 0, 16, 0], "texture": "#missing"},
				"west": {"uv": [0, 0, 16, 0], "texture": "#missing"},
				"up": {"uv": [0, 0, 16, 16], "texture": "#texture", "tintindex": 0 },
				"down": {"uv": [0, 0, 16, 16], "texture": "#texture", "tintindex": 0 }
			}
		},
		{
			"from": [-8, 2, 3],
			"to": [8, 2, 19],
			"rotation": {"angle": 45, "axis": "y", "origin": [0, 0, 0]},
			"faces": {
				"north": {"uv": [0, 0, 16, 0], "texture": "#missing"},
				"east": {"uv": [0, 0, 16, 0], "texture": "#missing"},
				"south": {"uv": [0, 0, 16, 0], "texture": "#missing"},
				"west": {"uv": [0, 0, 16, 0], "texture": "#missing"},
				"up": {"uv": [0, 0, 16, 16], "texture": "#texture", "tintindex": 0 },
				"down": {"uv": [0, 0, 16, 16], "texture": "#texture", "tintindex": 0 }
			}
		},
		{
			"from": [-8, 3, 3],
			"to": [8, 3, 19],
			"rotation": {"angle": 45, "axis": "y", "origin": [0, 0, 0]},
			"faces": {
				"north": {"uv": [0, 0, 16, 0], "texture": "#missing"},
				"east": {"uv": [0, 0, 16, 0], "texture": "#missing"},
				"south": {"uv": [0, 0, 16, 0], "texture": "#missing"},
				"west": {"uv": [0, 0, 16, 0], "texture": "#missing"},
				"up": {"uv": [0, 0, 16, 16], "rotation": 270, "texture": "#texture", "tintindex": 0 },
				"down": {"uv": [0, 0, 16, 16], "rotation": 90, "texture": "#texture", "tintindex": 0 }
			}
		}
	]
}